file,title_fr,defense_date,abstract_fr_present,toc_items,references_count,persons,university_fr
THESE_AMRANI.step2.gemini.pdf,,,False,0,0,0,
THESE_YAZOUGH.step2.gemini.pdf,,,False,0,0,0,
THESE_MNINOUCH.step2.gemini.pdf,,,False,0,0,0,
THESE_BAZZI.step2.gemini.pdf,,,False,0,0,0,
THESE_DOUBLALI.step2.gemini.pdf,,,False,0,0,0,
THESE_HAMMAS.step2.gemini.pdf,,,False,0,0,0,
THESE_BENDADDA.step2.gemini.pdf,,,False,0,0,0,
THESE_EZZIANI.step2.gemini.pdf,,,False,0,0,0,
THESE_EL_20OUGLI.step2.gemini.pdf,,,False,0,0,0,
THESE_BAKIZ_20BAHCINE.step2.gemini.pdf,,,False,0,0,0,
THESE_OUAKKA.step2.gemini.pdf,,,False,0,0,0,
Th_c3_a8se_20Bouaouda.step2.gemini.pdf,,,False,0,0,0,
THESE_LAKJIRI.step2.gemini.pdf,,,False,0,0,0,
THESE_MOTAMID.step2.gemini.pdf,,,False,0,0,0,
THESE_BENSBAA.step2.gemini.pdf,,,False,0,0,0,
THESE_MOUJAHID.step2.gemini.pdf,,,False,0,0,0,
THESE_BENSALAH.step2.gemini.pdf,,,False,0,0,0,
THESE_SIRRAJ_20EL_20HAK.step2.gemini.pdf,,,False,0,0,0,
THESE_EL_20MANCOURI.step2.gemini.pdf,,,False,0,0,0,
THESE_ALLABOUCH.step2.gemini.pdf,,,False,0,0,0,
THESE_BASRAOUI.step2.gemini.pdf,,,False,0,0,0,
THESE_BARAKATE.step2.gemini.pdf,,,False,0,0,0,
THESE_HALLAB.step2.gemini.pdf,,,False,0,0,0,
THESE_BERRADA.step2.gemini.pdf,,,False,0,0,0,
THESE_ABDALLAOUI.step2.gemini.pdf,,,False,0,0,0,
THESE_HADIRI.step2.gemini.pdf,,,False,0,0,0,
THESE_HALIM.step2.gemini.pdf,,,False,0,0,0,
Ba_20Dicko_20Oumar.step2.gemini.pdf,,,False,0,0,0,
Rabii_20ENNIDA.step2.gemini.pdf,,,False,0,0,0,
THESE_BELARBI.step2.gemini.pdf,,,False,0,0,0,
THESE_EL_20AARJI.step2.gemini.pdf,,,False,0,0,0,
Th_c3_a8se_DOUDOU_1990.step2.gemini.pdf,,,False,0,0,0,
Laila_20Hamri.step2.gemini.pdf,,,False,0,0,0,
THESE_BARAOU.step2.gemini.pdf,,,False,0,0,0,
THESE_HIDA.step2.gemini.pdf,,,False,0,0,0,
THESE_MAALOUM.step2.gemini.pdf,,,False,0,0,0,
THESE_EL_20HAOUSSI.step2.gemini.pdf,,,False,0,0,0,
THESE_HALLI.step2.gemini.pdf,,,False,0,0,0,
THESE_AMZIL.step2.gemini.pdf,,,False,0,0,0,
THESE_RHAYOUR.step2.gemini.pdf,,,False,0,0,0,
THESE_LAKHRIOUTA.step2.gemini.pdf,,,False,0,0,0,
THESE_EL_20ABIDI.step2.gemini.pdf,,,False,0,0,0,
THESE_KHARRASSE.step2.gemini.pdf,,,False,0,0,0,
THESE_BESRI.step2.gemini.pdf,,,False,0,0,0,
THESE_URI.step2.gemini.pdf,,,False,0,0,0,
THESE_BARAKAT.step2.gemini.pdf,,,False,0,0,0,
THESE_ER-RAJI.step2.gemini.pdf,,,False,0,0,0,
THESE_ANDICH.step2.gemini.pdf,,,False,0,0,0,
THESE_EL_20ANBARI.step2.gemini.pdf,,,False,0,0,0,
THESE_BOUTKHIL.step2.gemini.pdf,,,False,0,0,0,
revelec.step2.gemini.pdf,,,False,0,0,0,
THESE_NOUREDDINE.step2.gemini.pdf,,,False,0,0,0,
THESE_RAFIA.step2.gemini.pdf,,,False,0,0,0,
THESE_SENHAJI.step2.gemini.pdf,,,False,0,0,0,
THESE_EL_20ADILI.step2.gemini.pdf,,,False,0,0,0,
THESE_TOUHAMI.step2.gemini.pdf,,,False,0,0,0,
THESE_ATEILAH.step2.gemini.pdf,,,False,0,0,0,
THESE_AISSAM.step2.gemini.pdf,,,False,0,0,0,
THESE_SOSSE_20ALAOUI.step2.gemini.pdf,,,False,0,0,0,
THESE_REGRAGUI.step2.gemini.pdf,,,False,0,0,0,
THESE_BENDRISS_20AMRAOUI.step2.gemini.pdf,,,False,0,0,0,
THESE_ZERHOUNI.step2.gemini.pdf,,,False,0,0,0,
THESE_EZ_20ZAHIDY.step2.gemini.pdf,,,False,0,0,0,
THESE_AMELLAL.step2.gemini.pdf,,,False,0,0,0,
THESE_BOUKHATTEM.step2.gemini.pdf,,,False,0,0,0,
THESE_GAM.step2.gemini.pdf,,,False,0,0,0,
THESE_BENABDELLAH.step2.gemini.pdf,,,False,0,0,0,
THESE_TOUMI.step2.gemini.pdf,,,False,0,0,0,
THESE_RACHDI.step2.gemini.pdf,,,False,0,0,0,
THESE_BERETE.step2.gemini.pdf,,,False,0,0,0,
THESE_ERRADEY.step2.gemini.pdf,,,False,0,0,0,
THESE_HAMMI.step2.gemini.pdf,,,False,0,0,0,
THESE_BEN_20SLIMANE.step2.gemini.pdf,,,False,0,0,0,
THESE_SQALLI_20HOUSSAINI.step2.gemini.pdf,,,False,0,0,0,
THESE_JAAOUANE.step2.gemini.pdf,,,False,0,0,0,
THESE_SLAOUI.step2.gemini.pdf,,,False,0,0,0,
THESE_RACHIQ.step2.gemini.pdf,,,False,0,0,0,
THESE_CHETOUANI.step2.gemini.pdf,,,False,0,0,0,
THESE_EL_20IDRISSI.step2.gemini.pdf,,,False,0,0,0,
THESE_DEBBARH.step2.gemini.pdf,,,False,0,0,0,
THESE_CHENANI.step2.gemini.pdf,,,False,0,0,0,
THESE_SERBATI.step2.gemini.pdf,,,False,0,0,0,
THESE_CHAMI.step2.gemini.pdf,,,False,0,0,0,
THESE_CHAHBOUNI.step2.gemini.pdf,,,False,0,0,0,
THESE_ERRAHMOUNI.step2.gemini.pdf,,,False,0,0,0,
THESE_MENDOUBI.step2.gemini.pdf,,,False,0,0,0,
THESE_IBNLKHAYAT_20_20IDRISSI.step2.gemini.pdf,,,False,0,0,0,
THESE_BOUHBOUH.step2.gemini.pdf,,,False,0,0,0,
hind_20Bencheikh.step2.gemini.pdf,,,False,0,0,0,
These_20Rahmani_20Abdelhai.step2.gemini.pdf,,,False,0,0,0,
THESE_HAZIME.step2.gemini.pdf,,,False,0,0,0,
THESE_ZINEDINE.step2.gemini.pdf,,,False,0,0,0,
THESE_MAGHOUS.step2.gemini.pdf,,,False,0,0,0,
THESE_AMJAHDI.step2.gemini.pdf,,,False,0,0,0,
THESE_BENYAHIA_20TABIB.step2.gemini.pdf,,,False,0,0,0,
THESE_RYADY.step2.gemini.pdf,PREVENTION DE LA MALADIE THROMBOEMBOLIQUE POSTOPERATOIRE A L'HOPITAL SIDI EL BERNOUSSI (A propos de 620 cas),2006,False,0,0,6,UNIVERSITE HASSAN II
THESE_LAMRANI_20ALAOUI.step2.gemini.pdf,,,False,0,0,0,
THESE_LABYAD.step2.gemini.pdf,,,False,0,0,0,
THESE_KHABBACHE.step2.gemini.pdf,,,False,0,0,0,
THESE_EL_20HAMMAMI.step2.gemini.pdf,,,False,0,0,0,
