file,title_fr,defense_date,persons_count,university_fr
hind_20Bencheikh.pdf,,,0,
THESE_HAZIME.pdf,,,0,
THESE_RYADY.pdf,PREVENTION DE LA MALADIE THROMBOEMBOLIQUE POSTOPERATOIRE A L'HOPITAL SIDI EL BERNOUSSI (A propos de 620 cas),2006,6,UNIVERSITE HASSAN II
THESE_MAALOUM.pdf,,,0,
THESE_EL_20AARJI.pdf,,,0,
THESE_LAKHRIOUTA.pdf,,,0,
THESE_EL_20ANBARI.pdf,,,0,
Ba_20Dicko_20Oumar.pdf,,,0,
THESE_HALLAB.pdf,,,0,
THESE_AMZIL.pdf,,,0,
Rabii_20ENNIDA.pdf,,,0,
THESE_HALIM.pdf,,,0,
THESE_RAFIA.pdf,,,0,
THESE_TOUHAMI.pdf,,,0,
THESE_MOTAMID.pdf,,,0,
Laila_20Hamri.pdf,,,0,
THESE_REGRAGUI.pdf,,,0,
THESE_AMJAHDI.pdf,,,0,
THESE_BASRAOUI.pdf,,,0,
THESE_HADIRI.pdf,,,0,
THESE_DOUBLALI.pdf,,,0,
THESE_TOUMI.pdf,,,0,
THESE_ZINEDINE.pdf,,,0,
THESE_BARAKAT.pdf,,,0,
THESE_IBNLKHAYAT_20_20IDRISSI.pdf,,,0,
THESE_RHAYOUR.pdf,,,0,
THESE_BEN_20SLIMANE.pdf,,,0,
THESE_BENDRISS_20AMRAOUI.pdf,,,0,
THESE_RACHIQ.pdf,,,0,
THESE_BENYAHIA_20TABIB.pdf,,,0,
THESE_HAMMI.pdf,,,0,
THESE_AMELLAL.pdf,,,0,
THESE_AISSAM.pdf,,,0,
THESE_BOUHBOUH.pdf,,,0,
THESE_BENDADDA.pdf,,,0,
Th_c3_a8se_20Bouaouda.pdf,,,0,
THESE_ZERHOUNI.pdf,,,0,
THESE_GAM.pdf,,,0,
Th_c3_a8se_DOUDOU_1990.pdf,,,0,
THESE_MAGHOUS.pdf,,,0,
THESE_EL_20MANCOURI.pdf,,,0,
THESE_ALLABOUCH.pdf,,,0,
THESE_KHARRASSE.pdf,,,0,
THESE_SIRRAJ_20EL_20HAK.pdf,,,0,
THESE_SERBATI.pdf,,,0,
THESE_EZ_20ZAHIDY.pdf,,,0,
THESE_BELARBI.pdf,,,0,
THESE_ERRADEY.pdf,,,0,
THESE_MENDOUBI.pdf,,,0,
THESE_URI.pdf,,,0,
THESE_CHENANI.pdf,,,0,
THESE_BARAKATE.pdf,,,0,
THESE_EL_20HAOUSSI.pdf,,,0,
THESE_AMRANI.pdf,,,0,
THESE_HALLI.pdf,,,0,
THESE_OUAKKA.pdf,,,0,
THESE_EL_20OUGLI.pdf,,,0,
THESE_SOSSE_20ALAOUI.pdf,,,0,
THESE_CHAMI.pdf,,,0,
These_20Rahmani_20Abdelhai.pdf,,,0,
revelec.pdf,,,0,
THESE_BAKIZ_20BAHCINE.pdf,,,0,
THESE_ABDALLAOUI.pdf,,,0,
THESE_BAZZI.pdf,,,0,
THESE_EL_20ABIDI.pdf,,,0,
THESE_SENHAJI.pdf,,,0,
THESE_EL_20HAMMAMI.pdf,,,0,
THESE_BOUKHATTEM.pdf,,,0,
THESE_NOUREDDINE.pdf,,,0,
THESE_BERETE.pdf,,,0,
THESE_BERRADA.pdf,,,0,
THESE_SLAOUI.pdf,,,0,
THESE_ATEILAH.pdf,,,0,
THESE_ERRAHMOUNI.pdf,,,0,
THESE_BENABDELLAH.pdf,,,0,
THESE_LAMRANI_20ALAOUI.pdf,,,0,
THESE_YAZOUGH.pdf,,,0,
THESE_LABYAD.pdf,,,0,
THESE_EL_20ADILI.pdf,,,0,
THESE_BARAOU.pdf,,,0,
THESE_BESRI.pdf,,,0,
THESE_EZZIANI.pdf,,,0,
THESE_KHABBACHE.pdf,,,0,
THESE_ER-RAJI.pdf,,,0,
THESE_RACHDI.pdf,,,0,
THESE_CHAHBOUNI.pdf,,,0,
THESE_HAMMAS.pdf,,,0,
THESE_HIDA.pdf,,,0,
THESE_LAKJIRI.pdf,,,0,
THESE_JAAOUANE.pdf,,,0,
THESE_BENSBAA.pdf,,,0,
THESE_DEBBARH.pdf,,,0,
THESE_ANDICH.pdf,,,0,
THESE_MOUJAHID.pdf,,,0,
THESE_CHETOUANI.pdf,,,0,
THESE_BENSALAH.pdf,,,0,
THESE_EL_20IDRISSI.pdf,,,0,
THESE_SQALLI_20HOUSSAINI.pdf,,,0,
THESE_MNINOUCH.pdf,,,0,
THESE_BOUTKHIL.pdf,,,0,
