handle_url,pdf_url,status,file_path,error,content_bytes
https://toubkal.imist.ma/handle/123456789/914,https://toubkal.imist.ma/bitstream/handle/123456789/914/hind%20Bencheikh.pdf?sequence=1,ok,/workspace/toubkal_pdfs/hind_20Bencheikh.pdf,,3679998
https://toubkal.imist.ma/handle/123456789/915,https://toubkal.imist.ma/bitstream/handle/123456789/915/THESE_HAZIME.pdf?sequence=3,ok,/workspace/toubkal_pdfs/THESE_HAZIME.pdf,,1987558
https://toubkal.imist.ma/handle/123456789/916,https://toubkal.imist.ma/bitstream/handle/123456789/916/THESE_RYADY.pdf?sequence=3,ok,/workspace/toubkal_pdfs/THESE_RYADY.pdf,,1469010
https://toubkal.imist.ma/handle/123456789/926,https://toubkal.imist.ma/bitstream/handle/123456789/926/THESE_MAALOUM.pdf?sequence=3,ok,/workspace/toubkal_pdfs/THESE_MAALOUM.pdf,,2554119
https://toubkal.imist.ma/handle/123456789/928,https://toubkal.imist.ma/bitstream/handle/123456789/928/THESE_EL%20AARJI.pdf?sequence=3,ok,/workspace/toubkal_pdfs/THESE_EL_20AARJI.pdf,,2080805
https://toubkal.imist.ma/handle/123456789/931,https://toubkal.imist.ma/bitstream/handle/123456789/931/THESE_LAKHRIOUTA.pdf?sequence=3,ok,/workspace/toubkal_pdfs/THESE_LAKHRIOUTA.pdf,,733424
https://toubkal.imist.ma/handle/123456789/932,https://toubkal.imist.ma/bitstream/handle/123456789/932/THESE_EL%20ANBARI.pdf?sequence=3,ok,/workspace/toubkal_pdfs/THESE_EL_20ANBARI.pdf,,3457964
https://toubkal.imist.ma/handle/123456789/940,https://toubkal.imist.ma/bitstream/handle/123456789/940/Ba%20Dicko%20Oumar.pdf?sequence=1,ok,/workspace/toubkal_pdfs/Ba_20Dicko_20Oumar.pdf,,1457782
https://toubkal.imist.ma/handle/123456789/941,https://toubkal.imist.ma/bitstream/handle/123456789/941/THESE_HALLAB.pdf?sequence=3,ok,/workspace/toubkal_pdfs/THESE_HALLAB.pdf,,2082085
https://toubkal.imist.ma/handle/123456789/942,https://toubkal.imist.ma/bitstream/handle/123456789/942/THESE_AMZIL.pdf?sequence=3,ok,/workspace/toubkal_pdfs/THESE_AMZIL.pdf,,2886291
https://toubkal.imist.ma/handle/123456789/944,https://toubkal.imist.ma/bitstream/handle/123456789/944/Rabii%20ENNIDA.pdf?sequence=1,ok,/workspace/toubkal_pdfs/Rabii_20ENNIDA.pdf,,1444722
https://toubkal.imist.ma/handle/123456789/946,https://toubkal.imist.ma/bitstream/handle/123456789/946/THESE_HALIM.pdf?sequence=3,ok,/workspace/toubkal_pdfs/THESE_HALIM.pdf,,4163086
https://toubkal.imist.ma/handle/123456789/947,https://toubkal.imist.ma/bitstream/handle/123456789/947/THESE_RAFIA.pdf?sequence=3,ok,/workspace/toubkal_pdfs/THESE_RAFIA.pdf,,1812664
https://toubkal.imist.ma/handle/123456789/949,https://toubkal.imist.ma/bitstream/handle/123456789/949/THESE_TOUHAMI.pdf?sequence=3,ok,/workspace/toubkal_pdfs/THESE_TOUHAMI.pdf,,3879468
https://toubkal.imist.ma/handle/123456789/951,https://toubkal.imist.ma/bitstream/handle/123456789/951/THESE_MOTAMID.pdf?sequence=3,ok,/workspace/toubkal_pdfs/THESE_MOTAMID.pdf,,2102632
https://toubkal.imist.ma/handle/123456789/954,https://toubkal.imist.ma/bitstream/handle/123456789/954/Laila%20Hamri.pdf?sequence=1,ok,/workspace/toubkal_pdfs/Laila_20Hamri.pdf,,4182461
https://toubkal.imist.ma/handle/123456789/955,https://toubkal.imist.ma/bitstream/handle/123456789/955/THESE_REGRAGUI.pdf?sequence=3,ok,/workspace/toubkal_pdfs/THESE_REGRAGUI.pdf,,4142566
https://toubkal.imist.ma/handle/123456789/959,https://toubkal.imist.ma/bitstream/handle/123456789/959/THESE_AMJAHDI.pdf?sequence=3,ok,/workspace/toubkal_pdfs/THESE_AMJAHDI.pdf,,5527352
https://toubkal.imist.ma/handle/123456789/960,https://toubkal.imist.ma/bitstream/handle/123456789/960/THESE_BASRAOUI.pdf?sequence=3,ok,/workspace/toubkal_pdfs/THESE_BASRAOUI.pdf,,5022618
https://toubkal.imist.ma/handle/123456789/961,https://toubkal.imist.ma/bitstream/handle/123456789/961/THESE_HADIRI.pdf?sequence=3,ok,/workspace/toubkal_pdfs/THESE_HADIRI.pdf,,982453
https://toubkal.imist.ma/handle/123456789/963,https://toubkal.imist.ma/bitstream/handle/123456789/963/THESE_DOUBLALI.pdf?sequence=3,ok,/workspace/toubkal_pdfs/THESE_DOUBLALI.pdf,,2432825
https://toubkal.imist.ma/handle/123456789/966,https://toubkal.imist.ma/bitstream/handle/123456789/966/THESE_TOUMI.pdf?sequence=3,ok,/workspace/toubkal_pdfs/THESE_TOUMI.pdf,,986892
https://toubkal.imist.ma/handle/123456789/989,https://toubkal.imist.ma/bitstream/handle/123456789/989/THESE_ZINEDINE.pdf?sequence=3,ok,/workspace/toubkal_pdfs/THESE_ZINEDINE.pdf,,880000
https://toubkal.imist.ma/handle/123456789/996,https://toubkal.imist.ma/bitstream/handle/123456789/996/THESE_BARAKAT.pdf?sequence=3,ok,/workspace/toubkal_pdfs/THESE_BARAKAT.pdf,,1738762
https://toubkal.imist.ma/handle/123456789/998,https://toubkal.imist.ma/bitstream/handle/123456789/998/THESE_IBNLKHAYAT%20%20IDRISSI.pdf?sequence=3,ok,/workspace/toubkal_pdfs/THESE_IBNLKHAYAT_20_20IDRISSI.pdf,,748270
https://toubkal.imist.ma/handle/123456789/999,https://toubkal.imist.ma/bitstream/handle/123456789/999/THESE_RHAYOUR.pdf?sequence=3,ok,/workspace/toubkal_pdfs/THESE_RHAYOUR.pdf,,3868803
https://toubkal.imist.ma/handle/123456789/1002,https://toubkal.imist.ma/bitstream/handle/123456789/1002/THESE_BEN%20SLIMANE.pdf?sequence=3,ok,/workspace/toubkal_pdfs/THESE_BEN_20SLIMANE.pdf,,1806753
https://toubkal.imist.ma/handle/123456789/1034,https://toubkal.imist.ma/bitstream/handle/123456789/1034/THESE_BENDRISS%20AMRAOUI.pdf?sequence=3,ok,/workspace/toubkal_pdfs/THESE_BENDRISS_20AMRAOUI.pdf,,952955
https://toubkal.imist.ma/handle/123456789/1035,https://toubkal.imist.ma/bitstream/handle/123456789/1035/THESE_RACHIQ.pdf?sequence=3,ok,/workspace/toubkal_pdfs/THESE_RACHIQ.pdf,,563227
https://toubkal.imist.ma/handle/123456789/1036,https://toubkal.imist.ma/bitstream/handle/123456789/1036/THESE_BENYAHIA%20TABIB.pdf?sequence=3,ok,/workspace/toubkal_pdfs/THESE_BENYAHIA_20TABIB.pdf,,4470736
https://toubkal.imist.ma/handle/123456789/1037,https://toubkal.imist.ma/bitstream/handle/123456789/1037/THESE_HAMMI.pdf?sequence=3,ok,/workspace/toubkal_pdfs/THESE_HAMMI.pdf,,1318723
https://toubkal.imist.ma/handle/123456789/1051,https://toubkal.imist.ma/bitstream/handle/123456789/1051/THESE_AMELLAL.pdf?sequence=3,ok,/workspace/toubkal_pdfs/THESE_AMELLAL.pdf,,811582
https://toubkal.imist.ma/handle/123456789/1052,https://toubkal.imist.ma/bitstream/handle/123456789/1052/THESE_AISSAM.pdf?sequence=3,ok,/workspace/toubkal_pdfs/THESE_AISSAM.pdf,,966980
https://toubkal.imist.ma/handle/123456789/1053,https://toubkal.imist.ma/bitstream/handle/123456789/1053/THESE_BOUHBOUH.pdf?sequence=3,ok,/workspace/toubkal_pdfs/THESE_BOUHBOUH.pdf,,2157155
https://toubkal.imist.ma/handle/123456789/1056,https://toubkal.imist.ma/bitstream/handle/123456789/1056/THESE_BENDADDA.pdf?sequence=3,ok,/workspace/toubkal_pdfs/THESE_BENDADDA.pdf,,1273150
https://toubkal.imist.ma/handle/123456789/1595,https://toubkal.imist.ma/bitstream/handle/123456789/1595/Th%c3%a8se%20Bouaouda.pdf?sequence=3,ok,/workspace/toubkal_pdfs/Th_c3_a8se_20Bouaouda.pdf,,2301418
https://toubkal.imist.ma/handle/123456789/1862,https://toubkal.imist.ma/bitstream/handle/123456789/1862/THESE_ZERHOUNI.pdf?sequence=1,ok,/workspace/toubkal_pdfs/THESE_ZERHOUNI.pdf,,3256870
https://toubkal.imist.ma/handle/123456789/2551,https://toubkal.imist.ma/bitstream/handle/123456789/2551/THESE_GAM.pdf?sequence=3,ok,/workspace/toubkal_pdfs/THESE_GAM.pdf,,4553042
https://toubkal.imist.ma/handle/123456789/2831,https://toubkal.imist.ma/bitstream/handle/123456789/2831/Th%c3%a8se_DOUDOU_1990.pdf?sequence=4,ok,/workspace/toubkal_pdfs/Th_c3_a8se_DOUDOU_1990.pdf,,78003414
https://toubkal.imist.ma/handle/123456789/4211,https://toubkal.imist.ma/bitstream/handle/123456789/4211/THESE_MAGHOUS.pdf?sequence=3,ok,/workspace/toubkal_pdfs/THESE_MAGHOUS.pdf,,3811401
https://toubkal.imist.ma/handle/123456789/4214,https://toubkal.imist.ma/bitstream/handle/123456789/4214/THESE_EL%20MANCOURI.pdf?sequence=3,ok,/workspace/toubkal_pdfs/THESE_EL_20MANCOURI.pdf,,5083874
https://toubkal.imist.ma/handle/123456789/4215,https://toubkal.imist.ma/bitstream/handle/123456789/4215/THESE_ALLABOUCH.pdf?sequence=3,ok,/workspace/toubkal_pdfs/THESE_ALLABOUCH.pdf,,2077786
https://toubkal.imist.ma/handle/123456789/4224,https://toubkal.imist.ma/bitstream/handle/123456789/4224/THESE_KHARRASSE.pdf?sequence=3,ok,/workspace/toubkal_pdfs/THESE_KHARRASSE.pdf,,1499317
https://toubkal.imist.ma/handle/123456789/4226,https://toubkal.imist.ma/bitstream/handle/123456789/4226/THESE_SIRRAJ%20EL%20HAK.pdf?sequence=3,ok,/workspace/toubkal_pdfs/THESE_SIRRAJ_20EL_20HAK.pdf,,1795059
https://toubkal.imist.ma/handle/123456789/4227,https://toubkal.imist.ma/bitstream/handle/123456789/4227/THESE_EL%20IDRISSI.pdf?sequence=3,ok,/workspace/toubkal_pdfs/THESE_EL_20IDRISSI.pdf,,2702252
https://toubkal.imist.ma/handle/123456789/4234,https://toubkal.imist.ma/bitstream/handle/123456789/4234/THESE_SERBATI.pdf?sequence=3,ok,/workspace/toubkal_pdfs/THESE_SERBATI.pdf,,5600363
https://toubkal.imist.ma/handle/123456789/4238,https://toubkal.imist.ma/bitstream/handle/123456789/4238/THESE_EZ%20ZAHIDY.pdf?sequence=3,ok,/workspace/toubkal_pdfs/THESE_EZ_20ZAHIDY.pdf,,3632437
https://toubkal.imist.ma/handle/123456789/4239,https://toubkal.imist.ma/bitstream/handle/123456789/4239/THESE_BELARBI.pdf?sequence=3,ok,/workspace/toubkal_pdfs/THESE_BELARBI.pdf,,2907260
https://toubkal.imist.ma/handle/123456789/4240,https://toubkal.imist.ma/bitstream/handle/123456789/4240/THESE_ERRADEY.pdf?sequence=3,ok,/workspace/toubkal_pdfs/THESE_ERRADEY.pdf,,4892586
https://toubkal.imist.ma/handle/123456789/4242,https://toubkal.imist.ma/bitstream/handle/123456789/4242/THESE_MENDOUBI.pdf?sequence=3,ok,/workspace/toubkal_pdfs/THESE_MENDOUBI.pdf,,7547635
https://toubkal.imist.ma/handle/123456789/4244,https://toubkal.imist.ma/bitstream/handle/123456789/4244/THESE_URI.pdf?sequence=3,ok,/workspace/toubkal_pdfs/THESE_URI.pdf,,3897972
https://toubkal.imist.ma/handle/123456789/4532,https://toubkal.imist.ma/bitstream/handle/123456789/4532/THESE_CHENANI.pdf?sequence=3,ok,/workspace/toubkal_pdfs/THESE_CHENANI.pdf,,2387535
https://toubkal.imist.ma/handle/123456789/4533,https://toubkal.imist.ma/bitstream/handle/123456789/4533/THESE_BARAKATE.pdf?sequence=3,ok,/workspace/toubkal_pdfs/THESE_BARAKATE.pdf,,2641409
https://toubkal.imist.ma/handle/123456789/5610,https://toubkal.imist.ma/bitstream/handle/123456789/5610/THESE_EL%20HAOUSSI.pdf?sequence=3,ok,/workspace/toubkal_pdfs/THESE_EL_20HAOUSSI.pdf,,1670041
https://toubkal.imist.ma/handle/123456789/5629,https://toubkal.imist.ma/bitstream/handle/123456789/5629/THESE_AMRANI.pdf?sequence=1,ok,/workspace/toubkal_pdfs/THESE_AMRANI.pdf,,1240044
https://toubkal.imist.ma/handle/123456789/5630,https://toubkal.imist.ma/bitstream/handle/123456789/5630/THESE_HALLI.pdf?sequence=1,ok,/workspace/toubkal_pdfs/THESE_HALLI.pdf,,8964745
https://toubkal.imist.ma/handle/123456789/5633,https://toubkal.imist.ma/bitstream/handle/123456789/5633/THESE_OUAKKA.pdf?sequence=3,ok,/workspace/toubkal_pdfs/THESE_OUAKKA.pdf,,7694001
https://toubkal.imist.ma/handle/123456789/5637,https://toubkal.imist.ma/bitstream/handle/123456789/5637/THESE_EL%20OUGLI.pdf?sequence=3,ok,/workspace/toubkal_pdfs/THESE_EL_20OUGLI.pdf,,1440491
https://toubkal.imist.ma/handle/123456789/5643,https://toubkal.imist.ma/bitstream/handle/123456789/5643/THESE_SOSSE%20ALAOUI.pdf?sequence=1,ok,/workspace/toubkal_pdfs/THESE_SOSSE_20ALAOUI.pdf,,1108905
https://toubkal.imist.ma/handle/123456789/6679,https://toubkal.imist.ma/bitstream/handle/123456789/6679/THESE_CHAMI.pdf?sequence=3,ok,/workspace/toubkal_pdfs/THESE_CHAMI.pdf,,1797802
https://toubkal.imist.ma/handle/123456789/6991,https://toubkal.imist.ma/bitstream/handle/123456789/6991/These%20Rahmani%20Abdelhai.pdf?sequence=3,ok,/workspace/toubkal_pdfs/These_20Rahmani_20Abdelhai.pdf,,5458641
https://toubkal.imist.ma/handle/123456789/7065,https://toubkal.imist.ma/bitstream/handle/123456789/7065/revelec.pdf?sequence=1,ok,/workspace/toubkal_pdfs/revelec.pdf,,1884537
https://toubkal.imist.ma/handle/123456789/7463,https://toubkal.imist.ma/bitstream/handle/123456789/7463/revelec.pdf?sequence=1,ok,/workspace/toubkal_pdfs/revelec.pdf,,1884537
https://toubkal.imist.ma/handle/123456789/7681,https://toubkal.imist.ma/bitstream/handle/123456789/7681/THESE_BAKIZ%20BAHCINE.pdf?sequence=3,ok,/workspace/toubkal_pdfs/THESE_BAKIZ_20BAHCINE.pdf,,19487126
https://toubkal.imist.ma/handle/123456789/7935,https://toubkal.imist.ma/bitstream/handle/123456789/7935/THESE_ABDALLAOUI.pdf?sequence=3,ok,/workspace/toubkal_pdfs/THESE_ABDALLAOUI.pdf,,1741506
https://toubkal.imist.ma/handle/123456789/7936,https://toubkal.imist.ma/bitstream/handle/123456789/7936/THESE_BAZZI.pdf?sequence=1,download_failed,,Too small (8665 < 50000),8665
https://toubkal.imist.ma/handle/123456789/7939,https://toubkal.imist.ma/bitstream/handle/123456789/7939/THESE_EL%20ABIDI.pdf?sequence=1,ok,/workspace/toubkal_pdfs/THESE_EL_20ABIDI.pdf,,1792928
https://toubkal.imist.ma/handle/123456789/7943,https://toubkal.imist.ma/bitstream/handle/123456789/7943/THESE_SENHAJI.pdf?sequence=1,ok,/workspace/toubkal_pdfs/THESE_SENHAJI.pdf,,3307566
https://toubkal.imist.ma/handle/123456789/7946,https://toubkal.imist.ma/bitstream/handle/123456789/7946/THESE_EL%20HAMMAMI.pdf?sequence=3,ok,/workspace/toubkal_pdfs/THESE_EL_20HAMMAMI.pdf,,1111195
https://toubkal.imist.ma/handle/123456789/7948,https://toubkal.imist.ma/bitstream/handle/123456789/7948/THESE_BOUKHATTEM.pdf?sequence=3,ok,/workspace/toubkal_pdfs/THESE_BOUKHATTEM.pdf,,2276499
https://toubkal.imist.ma/handle/123456789/7951,https://toubkal.imist.ma/bitstream/handle/123456789/7951/THESE_NOUREDDINE.pdf?sequence=1,ok,/workspace/toubkal_pdfs/THESE_NOUREDDINE.pdf,,3534110
https://toubkal.imist.ma/handle/123456789/8000,https://toubkal.imist.ma/bitstream/handle/123456789/8000/THESE_BERETE.pdf?sequence=1,ok,/workspace/toubkal_pdfs/THESE_BERETE.pdf,,6598396
https://toubkal.imist.ma/handle/123456789/8001,https://toubkal.imist.ma/bitstream/handle/123456789/8001/THESE_BERRADA.pdf?sequence=1,ok,/workspace/toubkal_pdfs/THESE_BERRADA.pdf,,2071543
https://toubkal.imist.ma/handle/123456789/8002,https://toubkal.imist.ma/bitstream/handle/123456789/8002/THESE_SLAOUI.pdf?sequence=1,ok,/workspace/toubkal_pdfs/THESE_SLAOUI.pdf,,2072826
https://toubkal.imist.ma/handle/123456789/8003,https://toubkal.imist.ma/bitstream/handle/123456789/8003/THESE_ATEILAH.pdf?sequence=1,ok,/workspace/toubkal_pdfs/THESE_ATEILAH.pdf,,1067614
https://toubkal.imist.ma/handle/123456789/8004,https://toubkal.imist.ma/bitstream/handle/123456789/8004/THESE_ERRAHMOUNI.pdf?sequence=1,ok,/workspace/toubkal_pdfs/THESE_ERRAHMOUNI.pdf,,2910452
https://toubkal.imist.ma/handle/123456789/8008,https://toubkal.imist.ma/bitstream/handle/123456789/8008/THESE_BENABDELLAH.pdf?sequence=1,ok,/workspace/toubkal_pdfs/THESE_BENABDELLAH.pdf,,1109908
https://toubkal.imist.ma/handle/123456789/8010,https://toubkal.imist.ma/bitstream/handle/123456789/8010/THESE_LAMRANI%20ALAOUI.pdf?sequence=1,ok,/workspace/toubkal_pdfs/THESE_LAMRANI_20ALAOUI.pdf,,1260040
https://toubkal.imist.ma/handle/123456789/8013,https://toubkal.imist.ma/bitstream/handle/123456789/8013/THESE_YAZOUGH.pdf?sequence=1,ok,/workspace/toubkal_pdfs/THESE_YAZOUGH.pdf,,487791
https://toubkal.imist.ma/handle/123456789/8016,https://toubkal.imist.ma/bitstream/handle/123456789/8016/THESE_LABYAD.pdf?sequence=1,ok,/workspace/toubkal_pdfs/THESE_LABYAD.pdf,,1116400
https://toubkal.imist.ma/handle/123456789/8024,https://toubkal.imist.ma/bitstream/handle/123456789/8024/THESE_EL%20ADILI.pdf?sequence=1,ok,/workspace/toubkal_pdfs/THESE_EL_20ADILI.pdf,,888513
https://toubkal.imist.ma/handle/123456789/8025,https://toubkal.imist.ma/bitstream/handle/123456789/8025/THESE_BARAOU.pdf?sequence=1,ok,/workspace/toubkal_pdfs/THESE_BARAOU.pdf,,1279894
https://toubkal.imist.ma/handle/123456789/8034,https://toubkal.imist.ma/bitstream/handle/123456789/8034/THESE_BESRI.pdf?sequence=1,ok,/workspace/toubkal_pdfs/THESE_BESRI.pdf,,881315
https://toubkal.imist.ma/handle/123456789/8036,https://toubkal.imist.ma/bitstream/handle/123456789/8036/THESE_EZZIANI.pdf?sequence=1,ok,/workspace/toubkal_pdfs/THESE_EZZIANI.pdf,,2115729
https://toubkal.imist.ma/handle/123456789/8037,https://toubkal.imist.ma/bitstream/handle/123456789/8037/THESE_KHABBACHE.pdf?sequence=1,ok,/workspace/toubkal_pdfs/THESE_KHABBACHE.pdf,,2112177
https://toubkal.imist.ma/handle/123456789/8038,https://toubkal.imist.ma/bitstream/handle/123456789/8038/THESE_ER-RAJI.pdf?sequence=1,ok,/workspace/toubkal_pdfs/THESE_ER-RAJI.pdf,,2406673
https://toubkal.imist.ma/handle/123456789/8039,https://toubkal.imist.ma/bitstream/handle/123456789/8039/THESE_RACHDI.pdf?sequence=1,ok,/workspace/toubkal_pdfs/THESE_RACHDI.pdf,,482462
https://toubkal.imist.ma/handle/123456789/8041,https://toubkal.imist.ma/bitstream/handle/123456789/8041/THESE_CHAHBOUNI.pdf?sequence=1,ok,/workspace/toubkal_pdfs/THESE_CHAHBOUNI.pdf,,2161748
https://toubkal.imist.ma/handle/123456789/8042,https://toubkal.imist.ma/bitstream/handle/123456789/8042/THESE_HAMMAS.pdf?sequence=1,ok,/workspace/toubkal_pdfs/THESE_HAMMAS.pdf,,1535333
https://toubkal.imist.ma/handle/123456789/8046,https://toubkal.imist.ma/bitstream/handle/123456789/8046/THESE_HIDA.pdf?sequence=1,ok,/workspace/toubkal_pdfs/THESE_HIDA.pdf,,2120571
https://toubkal.imist.ma/handle/123456789/8048,https://toubkal.imist.ma/bitstream/handle/123456789/8048/THESE_LAKJIRI.pdf?sequence=1,ok,/workspace/toubkal_pdfs/THESE_LAKJIRI.pdf,,772031
https://toubkal.imist.ma/handle/123456789/8049,https://toubkal.imist.ma/bitstream/handle/123456789/8049/THESE_JAAOUANE.pdf?sequence=1,ok,/workspace/toubkal_pdfs/THESE_JAAOUANE.pdf,,3214907
https://toubkal.imist.ma/handle/123456789/8050,https://toubkal.imist.ma/bitstream/handle/123456789/8050/THESE_BENSBAA.pdf?sequence=1,ok,/workspace/toubkal_pdfs/THESE_BENSBAA.pdf,,2332809
https://toubkal.imist.ma/handle/123456789/8053,https://toubkal.imist.ma/bitstream/handle/123456789/8053/THESE_DEBBARH.pdf?sequence=1,ok,/workspace/toubkal_pdfs/THESE_DEBBARH.pdf,,5521609
https://toubkal.imist.ma/handle/123456789/8057,https://toubkal.imist.ma/bitstream/handle/123456789/8057/THESE_ANDICH.pdf?sequence=1,ok,/workspace/toubkal_pdfs/THESE_ANDICH.pdf,,2241337
https://toubkal.imist.ma/handle/123456789/8058,https://toubkal.imist.ma/bitstream/handle/123456789/8058/THESE_MOUJAHID.pdf?sequence=1,ok,/workspace/toubkal_pdfs/THESE_MOUJAHID.pdf,,1404656
https://toubkal.imist.ma/handle/123456789/8059,https://toubkal.imist.ma/bitstream/handle/123456789/8059/THESE_CHETOUANI.pdf?sequence=1,ok,/workspace/toubkal_pdfs/THESE_CHETOUANI.pdf,,1004921
https://toubkal.imist.ma/handle/123456789/8060,https://toubkal.imist.ma/bitstream/handle/123456789/8060/THESE_BENSALAH.pdf?sequence=1,ok,/workspace/toubkal_pdfs/THESE_BENSALAH.pdf,,1051780
https://toubkal.imist.ma/handle/123456789/8064,https://toubkal.imist.ma/bitstream/handle/123456789/8064/THESE_EL%20IDRISSI.pdf?sequence=1,ok,/workspace/toubkal_pdfs/THESE_EL_20IDRISSI.pdf,,1517661
https://toubkal.imist.ma/handle/123456789/8065,https://toubkal.imist.ma/bitstream/handle/123456789/8065/THESE_SQALLI%20HOUSSAINI.pdf?sequence=1,ok,/workspace/toubkal_pdfs/THESE_SQALLI_20HOUSSAINI.pdf,,945915
https://toubkal.imist.ma/handle/123456789/8082,https://toubkal.imist.ma/bitstream/handle/123456789/8082/THESE_MNINOUCH.pdf?sequence=1,ok,/workspace/toubkal_pdfs/THESE_MNINOUCH.pdf,,2134508
https://toubkal.imist.ma/handle/123456789/8085,https://toubkal.imist.ma/bitstream/handle/123456789/8085/THESE_BOUTKHIL.pdf?sequence=1,ok,/workspace/toubkal_pdfs/THESE_BOUTKHIL.pdf,,1924938
https://toubkal.imist.ma/handle/123456789/8086,https://toubkal.imist.ma/bitstream/handle/123456789/8086/THESE_CHOUKI.pdf?sequence=1,ok,/workspace/toubkal_pdfs/THESE_CHOUKI.pdf,,1033278
https://toubkal.imist.ma/handle/123456789/8088,https://toubkal.imist.ma/bitstream/handle/123456789/8088/THESE_AGHOUTANE.pdf?sequence=1,ok,/workspace/toubkal_pdfs/THESE_AGHOUTANE.pdf,,422173
https://toubkal.imist.ma/handle/123456789/8089,https://toubkal.imist.ma/bitstream/handle/123456789/8089/THESE_BENNIS%20TALEB.pdf?sequence=1,ok,/workspace/toubkal_pdfs/THESE_BENNIS_20TALEB.pdf,,1516798
https://toubkal.imist.ma/handle/123456789/8090,https://toubkal.imist.ma/bitstream/handle/123456789/8090/THESE_DIARRA.pdf?sequence=1,ok,/workspace/toubkal_pdfs/THESE_DIARRA.pdf,,532870
https://toubkal.imist.ma/handle/123456789/8091,https://toubkal.imist.ma/bitstream/handle/123456789/8091/THESE_LAMHAOUI.pdf?sequence=1,ok,/workspace/toubkal_pdfs/THESE_LAMHAOUI.pdf,,1737719
https://toubkal.imist.ma/handle/123456789/8092,https://toubkal.imist.ma/bitstream/handle/123456789/8092/THESE_DOUZI.pdf?sequence=1,ok,/workspace/toubkal_pdfs/THESE_DOUZI.pdf,,564990
https://toubkal.imist.ma/handle/123456789/8093,https://toubkal.imist.ma/bitstream/handle/123456789/8093/THESE_TABAKH.pdf?sequence=1,ok,/workspace/toubkal_pdfs/THESE_TABAKH.pdf,,764415
https://toubkal.imist.ma/handle/123456789/8094,https://toubkal.imist.ma/bitstream/handle/123456789/8094/THESE_TAAM.pdf?sequence=1,ok,/workspace/toubkal_pdfs/THESE_TAAM.pdf,,2075859
https://toubkal.imist.ma/handle/123456789/8095,https://toubkal.imist.ma/bitstream/handle/123456789/8095/THESE_SEKKALI.pdf?sequence=3,ok,/workspace/toubkal_pdfs/THESE_SEKKALI.pdf,,6037996
https://toubkal.imist.ma/handle/123456789/8096,https://toubkal.imist.ma/bitstream/handle/123456789/8096/THESE_MAZOUZ.pdf?sequence=1,ok,/workspace/toubkal_pdfs/THESE_MAZOUZ.pdf,,1836113
https://toubkal.imist.ma/handle/123456789/8097,https://toubkal.imist.ma/bitstream/handle/123456789/8097/THESE_BENZIANE.pdf?sequence=3,ok,/workspace/toubkal_pdfs/THESE_BENZIANE.pdf,,481785
https://toubkal.imist.ma/handle/123456789/8098,https://toubkal.imist.ma/bitstream/handle/123456789/8098/THESE_BOUJNANI.pdf?sequence=3,ok,/workspace/toubkal_pdfs/THESE_BOUJNANI.pdf,,1064046
https://toubkal.imist.ma/handle/123456789/8099,https://toubkal.imist.ma/bitstream/handle/123456789/8099/THESE_BENNANI.pdf?sequence=1,ok,/workspace/toubkal_pdfs/THESE_BENNANI.pdf,,834962
https://toubkal.imist.ma/handle/123456789/8100,https://toubkal.imist.ma/bitstream/handle/123456789/8100/THESE_REZKI.pdf?sequence=1,ok,/workspace/toubkal_pdfs/THESE_REZKI.pdf,,1110609
https://toubkal.imist.ma/handle/123456789/8101,https://toubkal.imist.ma/bitstream/handle/123456789/8101/THESE_BAALI.pdf?sequence=3,ok,/workspace/toubkal_pdfs/THESE_BAALI.pdf,,3607675
https://toubkal.imist.ma/handle/123456789/8102,https://toubkal.imist.ma/bitstream/handle/123456789/8102/THESE_SALAOU%20AKINNI.pdf?sequence=1,ok,/workspace/toubkal_pdfs/THESE_SALAOU_20AKINNI.pdf,,1396482
https://toubkal.imist.ma/handle/123456789/8103,https://toubkal.imist.ma/bitstream/handle/123456789/8103/THESE_BEGGUI.pdf?sequence=1,ok,/workspace/toubkal_pdfs/THESE_BEGGUI.pdf,,1091304
https://toubkal.imist.ma/handle/123456789/8104,https://toubkal.imist.ma/bitstream/handle/123456789/8104/THESE_ONGOIBA.pdf?sequence=1,ok,/workspace/toubkal_pdfs/THESE_ONGOIBA.pdf,,1519434
https://toubkal.imist.ma/handle/123456789/8105,https://toubkal.imist.ma/bitstream/handle/123456789/8105/THESE_BARRIMI.pdf?sequence=1,ok,/workspace/toubkal_pdfs/THESE_BARRIMI.pdf,,1802457
https://toubkal.imist.ma/handle/123456789/8106,https://toubkal.imist.ma/bitstream/handle/123456789/8106/THESE_ELHATIMI.pdf?sequence=1,ok,/workspace/toubkal_pdfs/THESE_ELHATIMI.pdf,,1342269
https://toubkal.imist.ma/handle/123456789/8108,https://toubkal.imist.ma/bitstream/handle/123456789/8108/THESE_RACHIDI.pdf?sequence=1,ok,/workspace/toubkal_pdfs/THESE_RACHIDI.pdf,,3455103
https://toubkal.imist.ma/handle/123456789/8109,https://toubkal.imist.ma/bitstream/handle/123456789/8109/THESE_KADI.pdf?sequence=1,ok,/workspace/toubkal_pdfs/THESE_KADI.pdf,,1172075
https://toubkal.imist.ma/handle/123456789/8112,https://toubkal.imist.ma/bitstream/handle/123456789/8112/THESE_ALAOUI%20LAMRANI.pdf?sequence=1,ok,/workspace/toubkal_pdfs/THESE_ALAOUI_20LAMRANI.pdf,,24243994
https://toubkal.imist.ma/handle/123456789/8113,https://toubkal.imist.ma/bitstream/handle/123456789/8113/THESE_ICHEN.pdf?sequence=1,ok,/workspace/toubkal_pdfs/THESE_ICHEN.pdf,,2525796
https://toubkal.imist.ma/handle/123456789/8114,https://toubkal.imist.ma/bitstream/handle/123456789/8114/THESE_EL%20OUARDIGHI.pdf?sequence=1,ok,/workspace/toubkal_pdfs/THESE_EL_20OUARDIGHI.pdf,,1363831
https://toubkal.imist.ma/handle/123456789/8115,https://toubkal.imist.ma/bitstream/handle/123456789/8115/THESE_GRAGUI.pdf?sequence=1,ok,/workspace/toubkal_pdfs/THESE_GRAGUI.pdf,,2999767
https://toubkal.imist.ma/handle/123456789/8116,https://toubkal.imist.ma/bitstream/handle/123456789/8116/THESE_OTMANI.pdf?sequence=1,ok,/workspace/toubkal_pdfs/THESE_OTMANI.pdf,,1823591
https://toubkal.imist.ma/handle/123456789/8120,https://toubkal.imist.ma/bitstream/handle/123456789/8120/THESE_MESRAR.pdf?sequence=1,ok,/workspace/toubkal_pdfs/THESE_MESRAR.pdf,,779421
https://toubkal.imist.ma/handle/123456789/8121,https://toubkal.imist.ma/bitstream/handle/123456789/8121/THESE_BENJELLOUN.pdf?sequence=1,ok,/workspace/toubkal_pdfs/THESE_BENJELLOUN.pdf,,2998126
https://toubkal.imist.ma/handle/123456789/8122,https://toubkal.imist.ma/bitstream/handle/123456789/8122/THESE_SEBBAR.pdf?sequence=1,ok,/workspace/toubkal_pdfs/THESE_SEBBAR.pdf,,1352467
https://toubkal.imist.ma/handle/123456789/8123,https://toubkal.imist.ma/bitstream/handle/123456789/8123/THESE_EL%20MEZOUAR.pdf?sequence=1,ok,/workspace/toubkal_pdfs/THESE_EL_20MEZOUAR.pdf,,1324990
https://toubkal.imist.ma/handle/123456789/8126,https://toubkal.imist.ma/bitstream/handle/123456789/8126/THESE_HOUARI.pdf?sequence=1,ok,/workspace/toubkal_pdfs/THESE_HOUARI.pdf,,1248683
https://toubkal.imist.ma/handle/123456789/8128,https://toubkal.imist.ma/bitstream/handle/123456789/8128/THESE_AKKAR.pdf?sequence=1,ok,/workspace/toubkal_pdfs/THESE_AKKAR.pdf,,3535894
https://toubkal.imist.ma/handle/123456789/8129,https://toubkal.imist.ma/bitstream/handle/123456789/8129/THESE_BOULISFANE.pdf?sequence=1,ok,/workspace/toubkal_pdfs/THESE_BOULISFANE.pdf,,1405459
https://toubkal.imist.ma/handle/123456789/8130,https://toubkal.imist.ma/bitstream/handle/123456789/8130/THESE_ANDALOUSSI.pdf?sequence=1,ok,/workspace/toubkal_pdfs/THESE_ANDALOUSSI.pdf,,2384073
https://toubkal.imist.ma/handle/123456789/8131,https://toubkal.imist.ma/bitstream/handle/123456789/8131/THESE_MOUZOURI.pdf?sequence=1,ok,/workspace/toubkal_pdfs/THESE_MOUZOURI.pdf,,4531822
https://toubkal.imist.ma/handle/123456789/8132,https://toubkal.imist.ma/bitstream/handle/123456789/8132/THESE_ELMAJJAOUI.pdf?sequence=1,ok,/workspace/toubkal_pdfs/THESE_ELMAJJAOUI.pdf,,398268
https://toubkal.imist.ma/handle/123456789/8133,https://toubkal.imist.ma/bitstream/handle/123456789/8133/THESE_TAZI.pdf?sequence=1,ok,/workspace/toubkal_pdfs/THESE_TAZI.pdf,,1251445
https://toubkal.imist.ma/handle/123456789/8134,https://toubkal.imist.ma/bitstream/handle/123456789/8134/THESE_RHELLAB.pdf?sequence=1,ok,/workspace/toubkal_pdfs/THESE_RHELLAB.pdf,,2698602
https://toubkal.imist.ma/handle/123456789/8135,https://toubkal.imist.ma/bitstream/handle/123456789/8135/THESE_ALAOUI%20BELGHITI.pdf?sequence=1,ok,/workspace/toubkal_pdfs/THESE_ALAOUI_20BELGHITI.pdf,,1404131
https://toubkal.imist.ma/handle/123456789/8136,https://toubkal.imist.ma/bitstream/handle/123456789/8136/THESE_EL%20YAOUTI.pdf?sequence=1,ok,/workspace/toubkal_pdfs/THESE_EL_20YAOUTI.pdf,,1284205
https://toubkal.imist.ma/handle/123456789/8137,https://toubkal.imist.ma/bitstream/handle/123456789/8137/THESE_BETTIOUI.pdf?sequence=1,ok,/workspace/toubkal_pdfs/THESE_BETTIOUI.pdf,,971273
https://toubkal.imist.ma/handle/123456789/8138,https://toubkal.imist.ma/bitstream/handle/123456789/8138/THESE_ABDELLAOUI.pdf?sequence=1,ok,/workspace/toubkal_pdfs/THESE_ABDELLAOUI.pdf,,1108453
https://toubkal.imist.ma/handle/123456789/8139,https://toubkal.imist.ma/bitstream/handle/123456789/8139/THESE_CHOUKRI.pdf?sequence=1,ok,/workspace/toubkal_pdfs/THESE_CHOUKRI.pdf,,1225710
https://toubkal.imist.ma/handle/123456789/8144,https://toubkal.imist.ma/bitstream/handle/123456789/8144/THESE_MOUSSA%20MALLA.pdf?sequence=1,ok,/workspace/toubkal_pdfs/THESE_MOUSSA_20MALLA.pdf,,993206
https://toubkal.imist.ma/handle/123456789/8148,https://toubkal.imist.ma/bitstream/handle/123456789/8148/THESE_BENABID.pdf?sequence=1,ok,/workspace/toubkal_pdfs/THESE_BENABID.pdf,,4599521
https://toubkal.imist.ma/handle/123456789/8149,https://toubkal.imist.ma/bitstream/handle/123456789/8149/THESE_SMAILI.pdf?sequence=1,ok,/workspace/toubkal_pdfs/THESE_SMAILI.pdf,,410492
https://toubkal.imist.ma/handle/123456789/8150,https://toubkal.imist.ma/bitstream/handle/123456789/8150/THESE_KUASSI%20SPERO%20ROMULUS.pdf?sequence=1,ok,/workspace/toubkal_pdfs/THESE_KUASSI_20SPERO_20ROMULUS.pdf,,1240780
https://toubkal.imist.ma/handle/123456789/8151,https://toubkal.imist.ma/bitstream/handle/123456789/8151/THESE_AMARA.pdf?sequence=1,ok,/workspace/toubkal_pdfs/THESE_AMARA.pdf,,1334753
https://toubkal.imist.ma/handle/123456789/8152,https://toubkal.imist.ma/bitstream/handle/123456789/8152/THESE_EL%20MAJDOUB.pdf?sequence=1,ok,/workspace/toubkal_pdfs/THESE_EL_20MAJDOUB.pdf,,2518999
https://toubkal.imist.ma/handle/123456789/8154,https://toubkal.imist.ma/bitstream/handle/123456789/8154/THESE_BELHAJ%20SOULAMI.pdf?sequence=1,ok,/workspace/toubkal_pdfs/THESE_BELHAJ_20SOULAMI.pdf,,547958
https://toubkal.imist.ma/handle/123456789/8155,https://toubkal.imist.ma/bitstream/handle/123456789/8155/THESE_EL%20MACHICHI%20ALAMI.pdf?sequence=1,ok,/workspace/toubkal_pdfs/THESE_EL_20MACHICHI_20ALAMI.pdf,,1966272
https://toubkal.imist.ma/handle/123456789/8158,https://toubkal.imist.ma/bitstream/handle/123456789/8158/THESE_EL%20HILALI.pdf?sequence=1,ok,/workspace/toubkal_pdfs/THESE_EL_20HILALI.pdf,,4637664
https://toubkal.imist.ma/handle/123456789/8161,https://toubkal.imist.ma/bitstream/handle/123456789/8161/THESE_LAKHDAR.pdf?sequence=1,ok,/workspace/toubkal_pdfs/THESE_LAKHDAR.pdf,,1495134
https://toubkal.imist.ma/handle/123456789/8163,https://toubkal.imist.ma/bitstream/handle/123456789/8163/THESE_EL%20FADL.pdf?sequence=1,ok,/workspace/toubkal_pdfs/THESE_EL_20FADL.pdf,,1282691
https://toubkal.imist.ma/handle/123456789/8164,https://toubkal.imist.ma/bitstream/handle/123456789/8164/THESE_TAJJIOU%20ACHRAF.pdf?sequence=1,ok,/workspace/toubkal_pdfs/THESE_TAJJIOU_20ACHRAF.pdf,,1496113
https://toubkal.imist.ma/handle/123456789/8165,https://toubkal.imist.ma/bitstream/handle/123456789/8165/THESE_LAHYAOUI.pdf?sequence=1,ok,/workspace/toubkal_pdfs/THESE_LAHYAOUI.pdf,,1629909
https://toubkal.imist.ma/handle/123456789/8166,https://toubkal.imist.ma/bitstream/handle/123456789/8166/THESE_BERHILI.pdf?sequence=1,ok,/workspace/toubkal_pdfs/THESE_BERHILI.pdf,,820578
https://toubkal.imist.ma/handle/123456789/8167,https://toubkal.imist.ma/bitstream/handle/123456789/8167/THESE_TOUZANI.pdf?sequence=1,ok,/workspace/toubkal_pdfs/THESE_TOUZANI.pdf,,362886
https://toubkal.imist.ma/handle/123456789/8168,https://toubkal.imist.ma/bitstream/handle/123456789/8168/THESE_AIT%20OURAKHA.pdf?sequence=1,ok,/workspace/toubkal_pdfs/THESE_AIT_20OURAKHA.pdf,,1482280
https://toubkal.imist.ma/handle/123456789/8175,https://toubkal.imist.ma/bitstream/handle/123456789/8175/THESE_ARABI.pdf?sequence=1,ok,/workspace/toubkal_pdfs/THESE_ARABI.pdf,,410260
https://toubkal.imist.ma/handle/123456789/8177,https://toubkal.imist.ma/bitstream/handle/123456789/8177/THESE_BEN%20GHAZI.pdf?sequence=1,ok,/workspace/toubkal_pdfs/THESE_BEN_20GHAZI.pdf,,542243
https://toubkal.imist.ma/handle/123456789/8244,https://toubkal.imist.ma/bitstream/handle/123456789/8244/THESE_ZAOUI.pdf?sequence=1,ok,/workspace/toubkal_pdfs/THESE_ZAOUI.pdf,,1543714
https://toubkal.imist.ma/handle/123456789/8275,https://toubkal.imist.ma/bitstream/handle/123456789/8275/THESE_SOULEY.pdf?sequence=1,ok,/workspace/toubkal_pdfs/THESE_SOULEY.pdf,,1105743
https://toubkal.imist.ma/handle/123456789/8329,https://toubkal.imist.ma/bitstream/handle/123456789/8329/THESE_ALILOUTE.pdf?sequence=1,ok,/workspace/toubkal_pdfs/THESE_ALILOUTE.pdf,,833808
https://toubkal.imist.ma/handle/123456789/8330,https://toubkal.imist.ma/bitstream/handle/123456789/8330/THESE_SOUMATI.pdf?sequence=1,ok,/workspace/toubkal_pdfs/THESE_SOUMATI.pdf,,1062297
https://toubkal.imist.ma/handle/123456789/8331,https://toubkal.imist.ma/bitstream/handle/123456789/8331/THESE_ABAAZIZ..pdf?sequence=1,ok,/workspace/toubkal_pdfs/THESE_ABAAZIZ..pdf,,806312
https://toubkal.imist.ma/handle/123456789/8332,https://toubkal.imist.ma/bitstream/handle/123456789/8332/THESE_AKOUDAD.pdf?sequence=1,ok,/workspace/toubkal_pdfs/THESE_AKOUDAD.pdf,,735737
https://toubkal.imist.ma/handle/123456789/8333,https://toubkal.imist.ma/bitstream/handle/123456789/8333/THESE_MERZOUK.pdf?sequence=1,ok,/workspace/toubkal_pdfs/THESE_MERZOUK.pdf,,1639730
https://toubkal.imist.ma/handle/123456789/8334,https://toubkal.imist.ma/bitstream/handle/123456789/8334/THESE_CHAFIK.pdf?sequence=1,ok,/workspace/toubkal_pdfs/THESE_CHAFIK.pdf,,1329324
https://toubkal.imist.ma/handle/123456789/8335,https://toubkal.imist.ma/bitstream/handle/123456789/8335/THESE_BENNOUNA.pdf?sequence=1,ok,/workspace/toubkal_pdfs/THESE_BENNOUNA.pdf,,599769
https://toubkal.imist.ma/handle/123456789/8336,https://toubkal.imist.ma/bitstream/handle/123456789/8336/THESE_ABDELLAOUI.pdf?sequence=1,ok,/workspace/toubkal_pdfs/THESE_ABDELLAOUI.pdf,,1779768
https://toubkal.imist.ma/handle/123456789/8337,https://toubkal.imist.ma/bitstream/handle/123456789/8337/THESE_BELHORMA.pdf?sequence=1,ok,/workspace/toubkal_pdfs/THESE_BELHORMA.pdf,,2040040
https://toubkal.imist.ma/handle/123456789/8338,https://toubkal.imist.ma/bitstream/handle/123456789/8338/THESE_BAHAOUI.pdf?sequence=1,ok,/workspace/toubkal_pdfs/THESE_BAHAOUI.pdf,,418917
https://toubkal.imist.ma/handle/123456789/8341,https://toubkal.imist.ma/bitstream/handle/123456789/8341/THESE_RHAJDI.pdf?sequence=1,ok,/workspace/toubkal_pdfs/THESE_RHAJDI.pdf,,2665862
https://toubkal.imist.ma/handle/123456789/8343,https://toubkal.imist.ma/bitstream/handle/123456789/8343/THESE_KHALKI.pdf?sequence=1,ok,/workspace/toubkal_pdfs/THESE_KHALKI.pdf,,2591509
https://toubkal.imist.ma/handle/123456789/8344,https://toubkal.imist.ma/bitstream/handle/123456789/8344/THESE_YAHYAOUI.pdf?sequence=1,ok,/workspace/toubkal_pdfs/THESE_YAHYAOUI.pdf,,1067955
https://toubkal.imist.ma/handle/123456789/8345,https://toubkal.imist.ma/bitstream/handle/123456789/8345/THESE_SEYE.pdf?sequence=3,ok,/workspace/toubkal_pdfs/THESE_SEYE.pdf,,5123726
https://toubkal.imist.ma/handle/123456789/8346,https://toubkal.imist.ma/bitstream/handle/123456789/8346/THESE_AYYAD.pdf?sequence=1,ok,/workspace/toubkal_pdfs/THESE_AYYAD.pdf,,449465
https://toubkal.imist.ma/handle/123456789/8915,https://toubkal.imist.ma/bitstream/handle/123456789/8915/THESE_YOUSFI%20Mohamed.pdf?sequence=1,ok,/workspace/toubkal_pdfs/THESE_YOUSFI_20Mohamed.pdf,,12738554
https://toubkal.imist.ma/handle/123456789/9328,https://toubkal.imist.ma/bitstream/handle/123456789/9328/THESE_EL%20HACHIMI.pdf?sequence=1,ok,/workspace/toubkal_pdfs/THESE_EL_20HACHIMI.pdf,,4632050
https://toubkal.imist.ma/handle/123456789/9446,https://toubkal.imist.ma/bitstream/handle/123456789/9446/THESE_LEKOUCH.pdf?sequence=1,ok,/workspace/toubkal_pdfs/THESE_LEKOUCH.pdf,,5126165
https://toubkal.imist.ma/handle/123456789/9452,https://toubkal.imist.ma/bitstream/handle/123456789/9452/THESE_CHERKOUK.pdf?sequence=3,ok,/workspace/toubkal_pdfs/THESE_CHERKOUK.pdf,,22130391
https://toubkal.imist.ma/handle/123456789/9453,https://toubkal.imist.ma/bitstream/handle/123456789/9453/THESE_BATTOU.pdf?sequence=1,ok,/workspace/toubkal_pdfs/THESE_BATTOU.pdf,,2976370
https://toubkal.imist.ma/handle/123456789/9454,https://toubkal.imist.ma/bitstream/handle/123456789/9454/THESE_EL%20HAJJI.pdf?sequence=1,ok,/workspace/toubkal_pdfs/THESE_EL_20HAJJI.pdf,,4544260
https://toubkal.imist.ma/handle/123456789/9455,https://toubkal.imist.ma/bitstream/handle/123456789/9455/THESE_ES%20SAADY.pdf?sequence=1,ok,/workspace/toubkal_pdfs/THESE_ES_20SAADY.pdf,,2665224
https://toubkal.imist.ma/handle/123456789/9457,https://toubkal.imist.ma/bitstream/handle/123456789/9457/THESE_LAABOUBI.pdf?sequence=1,ok,/workspace/toubkal_pdfs/THESE_LAABOUBI.pdf,,4683853
https://toubkal.imist.ma/handle/123456789/9489,https://toubkal.imist.ma/bitstream/handle/123456789/9489/THESE_TOUMMITE.pdf?sequence=1,ok,/workspace/toubkal_pdfs/THESE_TOUMMITE.pdf,,7537310
https://toubkal.imist.ma/handle/123456789/9491,https://toubkal.imist.ma/bitstream/handle/123456789/9491/Th%c3%a8se_Doctorat_Amal__%20_KORRIDA_2012.pdf?sequence=3,ok,/workspace/toubkal_pdfs/Th_c3_a8se_Doctorat_Amal___20_KORRIDA_2012.pdf,,5372711
https://toubkal.imist.ma/handle/123456789/9492,https://toubkal.imist.ma/bitstream/handle/123456789/9492/THESE_DIHAZI.pdf?sequence=1,ok,/workspace/toubkal_pdfs/THESE_DIHAZI.pdf,,5069361
https://toubkal.imist.ma/handle/123456789/9493,https://toubkal.imist.ma/bitstream/handle/123456789/9493/THESE_BAKAS.pdf?sequence=1,ok,/workspace/toubkal_pdfs/THESE_BAKAS.pdf,,9969000
https://toubkal.imist.ma/handle/123456789/9494,https://toubkal.imist.ma/bitstream/handle/123456789/9494/THESE_OUBEDDA.pdf?sequence=1,ok,/workspace/toubkal_pdfs/THESE_OUBEDDA.pdf,,3932182
https://toubkal.imist.ma/handle/123456789/9495,https://toubkal.imist.ma/bitstream/handle/123456789/9495/THESE_MAHDIOUI.pdf?sequence=3,ok,/workspace/toubkal_pdfs/THESE_MAHDIOUI.pdf,,899652
https://toubkal.imist.ma/handle/123456789/9496,https://toubkal.imist.ma/bitstream/handle/123456789/9496/THESE_HADFI.pdf?sequence=1,ok,/workspace/toubkal_pdfs/THESE_HADFI.pdf,,4966228
https://toubkal.imist.ma/handle/123456789/9497,https://toubkal.imist.ma/bitstream/handle/123456789/9497/THESE_AMROUCH.pdf?sequence=1,ok,/workspace/toubkal_pdfs/THESE_AMROUCH.pdf,,3600315
https://toubkal.imist.ma/handle/123456789/9498,https://toubkal.imist.ma/bitstream/handle/123456789/9498/THESE_BENADDY.pdf?sequence=1,ok,/workspace/toubkal_pdfs/THESE_BENADDY.pdf,,2014827
https://toubkal.imist.ma/handle/123456789/9499,https://toubkal.imist.ma/bitstream/handle/123456789/9499/THESE_ALILOU.pdf?sequence=1,ok,/workspace/toubkal_pdfs/THESE_ALILOU.pdf,,5123726
https://toubkal.imist.ma/handle/123456789/9500,https://toubkal.imist.ma/bitstream/handle/123456789/9500/THESE_HOUSNI.pdf?sequence=1,ok,/workspace/toubkal_pdfs/THESE_HOUSNI.pdf,,8632984
https://toubkal.imist.ma/handle/123456789/9501,https://toubkal.imist.ma/bitstream/handle/123456789/9501/THESE_ABOUABDELLAH%20.pdf?sequence=1,ok,/workspace/toubkal_pdfs/THESE_ABOUABDELLAH_20.pdf,,6650467
https://toubkal.imist.ma/handle/123456789/9502,https://toubkal.imist.ma/bitstream/handle/123456789/9502/THESE_FARHAOUI.pdf?sequence=1,ok,/workspace/toubkal_pdfs/THESE_FARHAOUI.pdf,,605048
https://toubkal.imist.ma/handle/123456789/9503,https://toubkal.imist.ma/bitstream/handle/123456789/9503/THESE_MANAR.pdf?sequence=1,ok,/workspace/toubkal_pdfs/THESE_MANAR.pdf,,730557
https://toubkal.imist.ma/handle/123456789/9506,https://toubkal.imist.ma/bitstream/handle/123456789/9506/THESE_BOUSSELHAM.pdf?sequence=3,ok,/workspace/toubkal_pdfs/THESE_BOUSSELHAM.pdf,,3086553
https://toubkal.imist.ma/handle/123456789/9589,https://toubkal.imist.ma/bitstream/handle/123456789/9589/THESE_LAASRI.pdf?sequence=1,ok,/workspace/toubkal_pdfs/THESE_LAASRI.pdf,,2758313
https://toubkal.imist.ma/handle/123456789/9590,https://toubkal.imist.ma/bitstream/handle/123456789/9590/THESE_%20NARJIS.pdf?sequence=3,ok,/workspace/toubkal_pdfs/THESE__20NARJIS.pdf,,2374748
https://toubkal.imist.ma/handle/123456789/9591,https://toubkal.imist.ma/bitstream/handle/123456789/9591/THESE_DLIOU.pdf?sequence=1,ok,/workspace/toubkal_pdfs/THESE_DLIOU.pdf,,6673853
https://toubkal.imist.ma/handle/123456789/9592,https://toubkal.imist.ma/bitstream/handle/123456789/9592/THESE_EL%20JAZOULI.pdf?sequence=1,ok,/workspace/toubkal_pdfs/THESE_EL_20JAZOULI.pdf,,2304145
https://toubkal.imist.ma/handle/123456789/9595,https://toubkal.imist.ma/bitstream/handle/123456789/9595/THESE_MOUNIR.pdf?sequence=1,ok,/workspace/toubkal_pdfs/THESE_MOUNIR.pdf,,3195856
https://toubkal.imist.ma/handle/123456789/9596,https://toubkal.imist.ma/bitstream/handle/123456789/9596/Th%c3%a8se-El%20Boullani_VF.pdf?sequence=3,ok,/workspace/toubkal_pdfs/Th_c3_a8se-El_20Boullani_VF.pdf,,5506060
https://toubkal.imist.ma/handle/123456789/9598,https://toubkal.imist.ma/bitstream/handle/123456789/9598/THESE_ABA%20AAKI.pdf?sequence=1,ok,/workspace/toubkal_pdfs/THESE_ABA_20AAKI.pdf,,2119227
https://toubkal.imist.ma/handle/123456789/9599,https://toubkal.imist.ma/bitstream/handle/123456789/9599/THESE_LOTFI%20HICHAM.pdf?sequence=3,ok,/workspace/toubkal_pdfs/THESE_LOTFI_20HICHAM.pdf,,2649414
https://toubkal.imist.ma/handle/123456789/9600,https://toubkal.imist.ma/bitstream/handle/123456789/9600/THESE%20AMKRAZ.pdf?sequence=3,ok,/workspace/toubkal_pdfs/THESE_20AMKRAZ.pdf,,14891420
https://toubkal.imist.ma/handle/123456789/9601,https://toubkal.imist.ma/bitstream/handle/123456789/9601/THESE_EL%20AYADI.pdf?sequence=1,ok,/workspace/toubkal_pdfs/THESE_EL_20AYADI.pdf,,6376156
https://toubkal.imist.ma/handle/123456789/9602,https://toubkal.imist.ma/bitstream/handle/123456789/9602/THESE_MOUTACHAOUIK.pdf?sequence=1,ok,/workspace/toubkal_pdfs/THESE_MOUTACHAOUIK.pdf,,3141713
https://toubkal.imist.ma/handle/123456789/9603,https://toubkal.imist.ma/bitstream/handle/123456789/9603/THESE_ATMANI.pdf?sequence=1,ok,/workspace/toubkal_pdfs/THESE_ATMANI.pdf,,15753292
https://toubkal.imist.ma/handle/123456789/9604,https://toubkal.imist.ma/bitstream/handle/123456789/9604/THESE_IDARROU.pdf?sequence=1,ok,/workspace/toubkal_pdfs/THESE_IDARROU.pdf,,7606392
https://toubkal.imist.ma/handle/123456789/9605,https://toubkal.imist.ma/bitstream/handle/123456789/9605/THESE_ROCHDI.pdf?sequence=1,ok,/workspace/toubkal_pdfs/THESE_ROCHDI.pdf,,2049364
https://toubkal.imist.ma/handle/123456789/9606,https://toubkal.imist.ma/bitstream/handle/123456789/9606/THESE_EL%20YOUSSFI.pdf?sequence=1,ok,/workspace/toubkal_pdfs/THESE_EL_20YOUSSFI.pdf,,3134683
https://toubkal.imist.ma/handle/123456789/9607,https://toubkal.imist.ma/bitstream/handle/123456789/9607/THESE_BEN%20OUJJI.pdf?sequence=1,ok,/workspace/toubkal_pdfs/THESE_BEN_20OUJJI.pdf,,10974119
